#dif_id,chip_id,chan_id,x,y,z,plane,grid
4,0,0,375.1,0,215.1,7,1
4,0,1,337.5,0,201,7,0
4,0,2,375.1,0,158.1,6,1
4,0,3,337.5,0,144,6,0
4,0,4,325.1,0,215.1,7,1
4,0,5,312.5,0,201,7,0
4,0,6,325.1,0,158.1,6,1
4,0,7,312.5,0,144,6,0
4,0,8,362.5,0,144,6,0
4,0,9,362.5,0,201,7,0
4,0,10,387.5,0,144,6,0
4,0,11,387.5,0,201,7,0
4,0,12,425.1,0,158.1,6,1
4,0,13,425.1,0,215.1,7,1
4,0,14,475.1,0,158.1,6,1
4,0,15,475.1,0,215.1,7,1
4,0,16,487.5,0,201,7,0
4,0,17,487.5,0,144,6,0
4,0,18,462.5,0,201,7,0
4,0,19,462.5,0,144,6,0
4,0,20,437.5,0,201,7,0
4,0,21,437.5,0,144,6,0
4,0,22,412.5,0,201,7,0
4,0,23,412.5,0,144,6,0
4,0,24,375.1,0,186.6,7,1
4,0,25,375.1,0,129.6,6,1
4,0,26,325.1,0,129.6,6,1
4,0,27,325.1,0,186.6,7,1
4,0,28,425.1,0,129.6,6,1
4,0,29,425.1,0,186.6,7,1
4,0,30,475.1,0,129.6,6,1
4,0,31,475.1,0,186.6,7,1
4,1,0,175.1,0,215.1,7,1
4,1,1,137.5,0,201,7,0
4,1,2,175.1,0,158.1,6,1
4,1,3,137.5,0,144,6,0
4,1,4,125.1,0,215.1,7,1
4,1,5,112.5,0,201,7,0
4,1,6,125.1,0,158.1,6,1
4,1,7,112.5,0,144,6,0
4,1,8,162.5,0,144,6,0
4,1,9,162.5,0,201,7,0
4,1,10,187.5,0,144,6,0
4,1,11,187.5,0,201,7,0
4,1,12,225.1,0,158.1,6,1
4,1,13,225.1,0,215.1,7,1
4,1,14,275.1,0,158.1,6,1
4,1,15,275.1,0,215.1,7,1
4,1,16,287.5,0,201,7,0
4,1,17,287.5,0,144,6,0
4,1,18,262.5,0,201,7,0
4,1,19,262.5,0,144,6,0
4,1,20,237.5,0,201,7,0
4,1,21,237.5,0,144,6,0
4,1,22,212.5,0,201,7,0
4,1,23,212.5,0,144,6,0
4,1,24,175.1,0,186.6,7,1
4,1,25,175.1,0,129.6,6,1
4,1,26,125.1,0,129.6,6,1
4,1,27,125.1,0,186.6,7,1
4,1,28,225.1,0,129.6,6,1
4,1,29,225.1,0,186.6,7,1
4,1,30,275.1,0,129.6,6,1
4,1,31,275.1,0,186.6,7,1
4,2,0,-24.9,0,215.1,7,1
4,2,1,-62.5,0,201,7,0
4,2,2,-24.9,0,158.1,6,1
4,2,3,-62.5,0,144,6,0
4,2,4,-74.9,0,215.1,7,1
4,2,5,-87.5,0,201,7,0
4,2,6,-74.9,0,158.1,6,1
4,2,7,-87.5,0,144,6,0
4,2,8,-37.5,0,144,6,0
4,2,9,-37.5,0,201,7,0
4,2,10,-12.5,0,144,6,0
4,2,11,-12.5,0,201,7,0
4,2,12,25.1,0,158.1,6,1
4,2,13,25.1,0,215.1,7,1
4,2,14,75.1,0,158.1,6,1
4,2,15,75.1,0,215.1,7,1
4,2,16,87.5,0,201,7,0
4,2,17,87.5,0,144,6,0
4,2,18,62.5,0,201,7,0
4,2,19,62.5,0,144,6,0
4,2,20,37.5,0,201,7,0
4,2,21,37.5,0,144,6,0
4,2,22,12.5,0,201,7,0
4,2,23,12.5,0,144,6,0
4,2,24,-24.9,0,186.6,7,1
4,2,25,-24.9,0,129.6,6,1
4,2,26,-74.9,0,129.6,6,1
4,2,27,-74.9,0,186.6,7,1
4,2,28,25.1,0,129.6,6,1
4,2,29,25.1,0,186.6,7,1
4,2,30,75.1,0,129.6,6,1
4,2,31,75.1,0,186.6,7,1
4,3,0,-224.9,0,215.1,7,1
4,3,1,-262.5,0,201,7,0
4,3,2,-224.9,0,158.1,6,1
4,3,3,-262.5,0,144,6,0
4,3,4,-274.9,0,215.1,7,1
4,3,5,-287.5,0,201,7,0
4,3,6,-274.9,0,158.1,6,1
4,3,7,-287.5,0,144,6,0
4,3,8,-237.5,0,144,6,0
4,3,9,-237.5,0,201,7,0
4,3,10,-212.5,0,144,6,0
4,3,11,-212.5,0,201,7,0
4,3,12,-174.9,0,158.1,6,1
4,3,13,-174.9,0,215.1,7,1
4,3,14,-124.9,0,158.1,6,1
4,3,15,-124.9,0,215.1,7,1
4,3,16,-112.5,0,201,7,0
4,3,17,-112.5,0,144,6,0
4,3,18,-137.5,0,201,7,0
4,3,19,-137.5,0,144,6,0
4,3,20,-162.5,0,201,7,0
4,3,21,-162.5,0,144,6,0
4,3,22,-187.5,0,201,7,0
4,3,23,-187.5,0,144,6,0
4,3,24,-224.9,0,186.6,7,1
4,3,25,-224.9,0,129.6,6,1
4,3,26,-274.9,0,129.6,6,1
4,3,27,-274.9,0,186.6,7,1
4,3,28,-174.9,0,129.6,6,1
4,3,29,-174.9,0,186.6,7,1
4,3,30,-124.9,0,129.6,6,1
4,3,31,-124.9,0,186.6,7,1
4,4,0,-424.9,0,215.1,7,1
4,4,1,-462.5,0,201,7,0
4,4,2,-424.9,0,158.1,6,1
4,4,3,-462.5,0,144,6,0
4,4,4,-474.9,0,215.1,7,1
4,4,5,-487.5,0,201,7,0
4,4,6,-474.9,0,158.1,6,1
4,4,7,-487.5,0,144,6,0
4,4,8,-437.5,0,144,6,0
4,4,9,-437.5,0,201,7,0
4,4,10,-412.5,0,144,6,0
4,4,11,-412.5,0,201,7,0
4,4,12,-374.9,0,158.1,6,1
4,4,13,-374.9,0,215.1,7,1
4,4,14,-324.9,0,158.1,6,1
4,4,15,-324.9,0,215.1,7,1
4,4,16,-312.5,0,201,7,0
4,4,17,-312.5,0,144,6,0
4,4,18,-337.5,0,201,7,0
4,4,19,-337.5,0,144,6,0
4,4,20,-362.5,0,201,7,0
4,4,21,-362.5,0,144,6,0
4,4,22,-387.5,0,201,7,0
4,4,23,-387.5,0,144,6,0
4,4,24,-424.9,0,186.6,7,1
4,4,25,-424.9,0,129.6,6,1
4,4,26,-474.9,0,129.6,6,1
4,4,27,-474.9,0,186.6,7,1
4,4,28,-374.9,0,129.6,6,1
4,4,29,-374.9,0,186.6,7,1
4,4,30,-324.9,0,129.6,6,1
4,4,31,-324.9,0,186.6,7,1
4,5,0,375.1,0,101.1,5,1
4,5,1,337.5,0,87,5,0
4,5,2,375.1,0,44.1,4,1
4,5,3,337.5,0,30,4,0
4,5,4,325.1,0,101.1,5,1
4,5,5,312.5,0,87,5,0
4,5,6,325.1,0,44.1,4,1
4,5,7,312.5,0,30,4,0
4,5,8,362.5,0,30,4,0
4,5,9,362.5,0,87,5,0
4,5,10,387.5,0,30,4,0
4,5,11,387.5,0,87,5,0
4,5,12,425.1,0,44.1,4,1
4,5,13,425.1,0,101.1,5,1
4,5,14,475.1,0,44.1,4,1
4,5,15,475.1,0,101.1,5,1
4,5,16,487.5,0,87,5,0
4,5,17,487.5,0,30,4,0
4,5,18,462.5,0,87,5,0
4,5,19,462.5,0,30,4,0
4,5,20,437.5,0,87,5,0
4,5,21,437.5,0,30,4,0
4,5,22,412.5,0,87,5,0
4,5,23,412.5,0,30,4,0
4,5,24,375.1,0,72.6,5,1
4,5,25,375.1,0,15.6,4,1
4,5,26,325.1,0,15.6,4,1
4,5,27,325.1,0,72.6,5,1
4,5,28,425.1,0,15.6,4,1
4,5,29,425.1,0,72.6,5,1
4,5,30,475.1,0,15.6,4,1
4,5,31,475.1,0,72.6,5,1
4,6,0,175.1,0,101.1,5,1
4,6,1,137.5,0,87,5,0
4,6,2,175.1,0,44.1,4,1
4,6,3,137.5,0,30,4,0
4,6,4,125.1,0,101.1,5,1
4,6,5,112.5,0,87,5,0
4,6,6,125.1,0,44.1,4,1
4,6,7,112.5,0,30,4,0
4,6,8,162.5,0,30,4,0
4,6,9,162.5,0,87,5,0
4,6,10,187.5,0,30,4,0
4,6,11,187.5,0,87,5,0
4,6,12,225.1,0,44.1,4,1
4,6,13,225.1,0,101.1,5,1
4,6,14,275.1,0,44.1,4,1
4,6,15,275.1,0,101.1,5,1
4,6,16,287.5,0,87,5,0
4,6,17,287.5,0,30,4,0
4,6,18,262.5,0,87,5,0
4,6,19,262.5,0,30,4,0
4,6,20,237.5,0,87,5,0
4,6,21,237.5,0,30,4,0
4,6,22,212.5,0,87,5,0
4,6,23,212.5,0,30,4,0
4,6,24,175.1,0,72.6,5,1
4,6,25,175.1,0,15.6,4,1
4,6,26,125.1,0,15.6,4,1
4,6,27,125.1,0,72.6,5,1
4,6,28,225.1,0,15.6,4,1
4,6,29,225.1,0,72.6,5,1
4,6,30,275.1,0,15.6,4,1
4,6,31,275.1,0,72.6,5,1
4,7,0,-24.9,0,101.1,5,1
4,7,1,-62.5,0,87,5,0
4,7,2,-24.9,0,44.1,4,1
4,7,3,-62.5,0,30,4,0
4,7,4,-74.9,0,101.1,5,1
4,7,5,-87.5,0,87,5,0
4,7,6,-74.9,0,44.1,4,1
4,7,7,-87.5,0,30,4,0
4,7,8,-37.5,0,30,4,0
4,7,9,-37.5,0,87,5,0
4,7,10,-12.5,0,30,4,0
4,7,11,-12.5,0,87,5,0
4,7,12,25.1,0,44.1,4,1
4,7,13,25.1,0,101.1,5,1
4,7,14,75.1,0,44.1,4,1
4,7,15,75.1,0,101.1,5,1
4,7,16,87.5,0,87,5,0
4,7,17,87.5,0,30,4,0
4,7,18,62.5,0,87,5,0
4,7,19,62.5,0,30,4,0
4,7,20,37.5,0,87,5,0
4,7,21,37.5,0,30,4,0
4,7,22,12.5,0,87,5,0
4,7,23,12.5,0,30,4,0
4,7,24,-24.9,0,72.6,5,1
4,7,25,-24.9,0,15.6,4,1
4,7,26,-74.9,0,15.6,4,1
4,7,27,-74.9,0,72.6,5,1
4,7,28,25.1,0,15.6,4,1
4,7,29,25.1,0,72.6,5,1
4,7,30,75.1,0,15.6,4,1
4,7,31,75.1,0,72.6,5,1
4,8,0,-224.9,0,101.1,5,1
4,8,1,-262.5,0,87,5,0
4,8,2,-224.9,0,44.1,4,1
4,8,3,-262.5,0,30,4,0
4,8,4,-274.9,0,101.1,5,1
4,8,5,-287.5,0,87,5,0
4,8,6,-274.9,0,44.1,4,1
4,8,7,-287.5,0,30,4,0
4,8,8,-237.5,0,30,4,0
4,8,9,-237.5,0,87,5,0
4,8,10,-212.5,0,30,4,0
4,8,11,-212.5,0,87,5,0
4,8,12,-174.9,0,44.1,4,1
4,8,13,-174.9,0,101.1,5,1
4,8,14,-124.9,0,44.1,4,1
4,8,15,-124.9,0,101.1,5,1
4,8,16,-112.5,0,87,5,0
4,8,17,-112.5,0,30,4,0
4,8,18,-137.5,0,87,5,0
4,8,19,-137.5,0,30,4,0
4,8,20,-162.5,0,87,5,0
4,8,21,-162.5,0,30,4,0
4,8,22,-187.5,0,87,5,0
4,8,23,-187.5,0,30,4,0
4,8,24,-224.9,0,72.6,5,1
4,8,25,-224.9,0,15.6,4,1
4,8,26,-274.9,0,15.6,4,1
4,8,27,-274.9,0,72.6,5,1
4,8,28,-174.9,0,15.6,4,1
4,8,29,-174.9,0,72.6,5,1
4,8,30,-124.9,0,15.6,4,1
4,8,31,-124.9,0,72.6,5,1
4,9,0,-424.9,0,101.1,5,1
4,9,1,-462.5,0,87,5,0
4,9,2,-424.9,0,44.1,4,1
4,9,3,-462.5,0,30,4,0
4,9,4,-474.9,0,101.1,5,1
4,9,5,-487.5,0,87,5,0
4,9,6,-474.9,0,44.1,4,1
4,9,7,-487.5,0,30,4,0
4,9,8,-437.5,0,30,4,0
4,9,9,-437.5,0,87,5,0
4,9,10,-412.5,0,30,4,0
4,9,11,-412.5,0,87,5,0
4,9,12,-374.9,0,44.1,4,1
4,9,13,-374.9,0,101.1,5,1
4,9,14,-324.9,0,44.1,4,1
4,9,15,-324.9,0,101.1,5,1
4,9,16,-312.5,0,87,5,0
4,9,17,-312.5,0,30,4,0
4,9,18,-337.5,0,87,5,0
4,9,19,-337.5,0,30,4,0
4,9,20,-362.5,0,87,5,0
4,9,21,-362.5,0,30,4,0
4,9,22,-387.5,0,87,5,0
4,9,23,-387.5,0,30,4,0
4,9,24,-424.9,0,72.6,5,1
4,9,25,-424.9,0,15.6,4,1
4,9,26,-474.9,0,15.6,4,1
4,9,27,-474.9,0,72.6,5,1
4,9,28,-374.9,0,15.6,4,1
4,9,29,-374.9,0,72.6,5,1
4,9,30,-324.9,0,15.6,4,1
4,9,31,-324.9,0,72.6,5,1
4,10,0,375.1,0,-12.9,3,1
4,10,1,337.5,0,-27,3,0
4,10,2,375.1,0,-69.9,2,1
4,10,3,337.5,0,-84,2,0
4,10,4,325.1,0,-12.9,3,1
4,10,5,312.5,0,-27,3,0
4,10,6,325.1,0,-69.9,2,1
4,10,7,312.5,0,-84,2,0
4,10,8,362.5,0,-84,2,0
4,10,9,362.5,0,-27,3,0
4,10,10,387.5,0,-84,2,0
4,10,11,387.5,0,-27,3,0
4,10,12,425.1,0,-69.9,2,1
4,10,13,425.1,0,-12.9,3,1
4,10,14,475.1,0,-69.9,2,1
4,10,15,475.1,0,-12.9,3,1
4,10,16,487.5,0,-27,3,0
4,10,17,487.5,0,-84,2,0
4,10,18,462.5,0,-27,3,0
4,10,19,462.5,0,-84,2,0
4,10,20,437.5,0,-27,3,0
4,10,21,437.5,0,-84,2,0
4,10,22,412.5,0,-27,3,0
4,10,23,412.5,0,-84,2,0
4,10,24,375.1,0,-41.4,3,1
4,10,25,375.1,0,-98.4,2,1
4,10,26,325.1,0,-98.4,2,1
4,10,27,325.1,0,-41.4,3,1
4,10,28,425.1,0,-98.4,2,1
4,10,29,425.1,0,-41.4,3,1
4,10,30,475.1,0,-98.4,2,1
4,10,31,475.1,0,-41.4,3,1
4,11,0,175.1,0,-12.9,3,1
4,11,1,137.5,0,-27,3,0
4,11,2,175.1,0,-69.9,2,1
4,11,3,137.5,0,-84,2,0
4,11,4,125.1,0,-12.9,3,1
4,11,5,112.5,0,-27,3,0
4,11,6,125.1,0,-69.9,2,1
4,11,7,112.5,0,-84,2,0
4,11,8,162.5,0,-84,2,0
4,11,9,162.5,0,-27,3,0
4,11,10,187.5,0,-84,2,0
4,11,11,187.5,0,-27,3,0
4,11,12,225.1,0,-69.9,2,1
4,11,13,225.1,0,-12.9,3,1
4,11,14,275.1,0,-69.9,2,1
4,11,15,275.1,0,-12.9,3,1
4,11,16,287.5,0,-27,3,0
4,11,17,287.5,0,-84,2,0
4,11,18,262.5,0,-27,3,0
4,11,19,262.5,0,-84,2,0
4,11,20,237.5,0,-27,3,0
4,11,21,237.5,0,-84,2,0
4,11,22,212.5,0,-27,3,0
4,11,23,212.5,0,-84,2,0
4,11,24,175.1,0,-41.4,3,1
4,11,25,175.1,0,-98.4,2,1
4,11,26,125.1,0,-98.4,2,1
4,11,27,125.1,0,-41.4,3,1
4,11,28,225.1,0,-98.4,2,1
4,11,29,225.1,0,-41.4,3,1
4,11,30,275.1,0,-98.4,2,1
4,11,31,275.1,0,-41.4,3,1
4,12,0,-24.9,0,-12.9,3,1
4,12,1,-62.5,0,-27,3,0
4,12,2,-24.9,0,-69.9,2,1
4,12,3,-62.5,0,-84,2,0
4,12,4,-74.9,0,-12.9,3,1
4,12,5,-87.5,0,-27,3,0
4,12,6,-74.9,0,-69.9,2,1
4,12,7,-87.5,0,-84,2,0
4,12,8,-37.5,0,-84,2,0
4,12,9,-37.5,0,-27,3,0
4,12,10,-12.5,0,-84,2,0
4,12,11,-12.5,0,-27,3,0
4,12,12,25.1,0,-69.9,2,1
4,12,13,25.1,0,-12.9,3,1
4,12,14,75.1,0,-69.9,2,1
4,12,15,75.1,0,-12.9,3,1
4,12,16,87.5,0,-27,3,0
4,12,17,87.5,0,-84,2,0
4,12,18,62.5,0,-27,3,0
4,12,19,62.5,0,-84,2,0
4,12,20,37.5,0,-27,3,0
4,12,21,37.5,0,-84,2,0
4,12,22,12.5,0,-27,3,0
4,12,23,12.5,0,-84,2,0
4,12,24,-24.9,0,-41.4,3,1
4,12,25,-24.9,0,-98.4,2,1
4,12,26,-74.9,0,-98.4,2,1
4,12,27,-74.9,0,-41.4,3,1
4,12,28,25.1,0,-98.4,2,1
4,12,29,25.1,0,-41.4,3,1
4,12,30,75.1,0,-98.4,2,1
4,12,31,75.1,0,-41.4,3,1
4,13,0,-224.9,0,-12.9,3,1
4,13,1,-262.5,0,-27,3,0
4,13,2,-224.9,0,-69.9,2,1
4,13,3,-262.5,0,-84,2,0
4,13,4,-274.9,0,-12.9,3,1
4,13,5,-287.5,0,-27,3,0
4,13,6,-274.9,0,-69.9,2,1
4,13,7,-287.5,0,-84,2,0
4,13,8,-237.5,0,-84,2,0
4,13,9,-237.5,0,-27,3,0
4,13,10,-212.5,0,-84,2,0
4,13,11,-212.5,0,-27,3,0
4,13,12,-174.9,0,-69.9,2,1
4,13,13,-174.9,0,-12.9,3,1
4,13,14,-124.9,0,-69.9,2,1
4,13,15,-124.9,0,-12.9,3,1
4,13,16,-112.5,0,-27,3,0
4,13,17,-112.5,0,-84,2,0
4,13,18,-137.5,0,-27,3,0
4,13,19,-137.5,0,-84,2,0
4,13,20,-162.5,0,-27,3,0
4,13,21,-162.5,0,-84,2,0
4,13,22,-187.5,0,-27,3,0
4,13,23,-187.5,0,-84,2,0
4,13,24,-224.9,0,-41.4,3,1
4,13,25,-224.9,0,-98.4,2,1
4,13,26,-274.9,0,-98.4,2,1
4,13,27,-274.9,0,-41.4,3,1
4,13,28,-174.9,0,-98.4,2,1
4,13,29,-174.9,0,-41.4,3,1
4,13,30,-124.9,0,-98.4,2,1
4,13,31,-124.9,0,-41.4,3,1
4,14,0,-424.9,0,-12.9,3,1
4,14,1,-462.5,0,-27,3,0
4,14,2,-424.9,0,-69.9,2,1
4,14,3,-462.5,0,-84,2,0
4,14,4,-474.9,0,-12.9,3,1
4,14,5,-487.5,0,-27,3,0
4,14,6,-474.9,0,-69.9,2,1
4,14,7,-487.5,0,-84,2,0
4,14,8,-437.5,0,-84,2,0
4,14,9,-437.5,0,-27,3,0
4,14,10,-412.5,0,-84,2,0
4,14,11,-412.5,0,-27,3,0
4,14,12,-374.9,0,-69.9,2,1
4,14,13,-374.9,0,-12.9,3,1
4,14,14,-324.9,0,-69.9,2,1
4,14,15,-324.9,0,-12.9,3,1
4,14,16,-312.5,0,-27,3,0
4,14,17,-312.5,0,-84,2,0
4,14,18,-337.5,0,-27,3,0
4,14,19,-337.5,0,-84,2,0
4,14,20,-362.5,0,-27,3,0
4,14,21,-362.5,0,-84,2,0
4,14,22,-387.5,0,-27,3,0
4,14,23,-387.5,0,-84,2,0
4,14,24,-424.9,0,-41.4,3,1
4,14,25,-424.9,0,-98.4,2,1
4,14,26,-474.9,0,-98.4,2,1
4,14,27,-474.9,0,-41.4,3,1
4,14,28,-374.9,0,-98.4,2,1
4,14,29,-374.9,0,-41.4,3,1
4,14,30,-324.9,0,-98.4,2,1
4,14,31,-324.9,0,-41.4,3,1
4,15,0,375.1,0,-126.9,1,1
4,15,1,337.5,0,-141,1,0
4,15,2,375.1,0,-183.9,0,1
4,15,3,337.5,0,-198,0,0
4,15,4,325.1,0,-126.9,1,1
4,15,5,312.5,0,-141,1,0
4,15,6,325.1,0,-183.9,0,1
4,15,7,312.5,0,-198,0,0
4,15,8,362.5,0,-198,0,0
4,15,9,362.5,0,-141,1,0
4,15,10,387.5,0,-198,0,0
4,15,11,387.5,0,-141,1,0
4,15,12,425.1,0,-183.9,0,1
4,15,13,425.1,0,-126.9,1,1
4,15,14,475.1,0,-183.9,0,1
4,15,15,475.1,0,-126.9,1,1
4,15,16,487.5,0,-141,1,0
4,15,17,487.5,0,-198,0,0
4,15,18,462.5,0,-141,1,0
4,15,19,462.5,0,-198,0,0
4,15,20,437.5,0,-141,1,0
4,15,21,437.5,0,-198,0,0
4,15,22,412.5,0,-141,1,0
4,15,23,412.5,0,-198,0,0
4,15,24,375.1,0,-155.4,1,1
4,15,25,375.1,0,-212.4,0,1
4,15,26,325.1,0,-212.4,0,1
4,15,27,325.1,0,-155.4,1,1
4,15,28,425.1,0,-212.4,0,1
4,15,29,425.1,0,-155.4,1,1
4,15,30,475.1,0,-212.4,0,1
4,15,31,475.1,0,-155.4,1,1
4,16,0,175.1,0,-126.9,1,1
4,16,1,137.5,0,-141,1,0
4,16,2,175.1,0,-183.9,0,1
4,16,3,137.5,0,-198,0,0
4,16,4,125.1,0,-126.9,1,1
4,16,5,112.5,0,-141,1,0
4,16,6,125.1,0,-183.9,0,1
4,16,7,112.5,0,-198,0,0
4,16,8,162.5,0,-198,0,0
4,16,9,162.5,0,-141,1,0
4,16,10,187.5,0,-198,0,0
4,16,11,187.5,0,-141,1,0
4,16,12,225.1,0,-183.9,0,1
4,16,13,225.1,0,-126.9,1,1
4,16,14,275.1,0,-183.9,0,1
4,16,15,275.1,0,-126.9,1,1
4,16,16,287.5,0,-141,1,0
4,16,17,287.5,0,-198,0,0
4,16,18,262.5,0,-141,1,0
4,16,19,262.5,0,-198,0,0
4,16,20,237.5,0,-141,1,0
4,16,21,237.5,0,-198,0,0
4,16,22,212.5,0,-141,1,0
4,16,23,212.5,0,-198,0,0
4,16,24,175.1,0,-155.4,1,1
4,16,25,175.1,0,-212.4,0,1
4,16,26,125.1,0,-212.4,0,1
4,16,27,125.1,0,-155.4,1,1
4,16,28,225.1,0,-212.4,0,1
4,16,29,225.1,0,-155.4,1,1
4,16,30,275.1,0,-212.4,0,1
4,16,31,275.1,0,-155.4,1,1
4,17,0,-24.9,0,-126.9,1,1
4,17,1,-62.5,0,-141,1,0
4,17,2,-24.9,0,-183.9,0,1
4,17,3,-62.5,0,-198,0,0
4,17,4,-74.9,0,-126.9,1,1
4,17,5,-87.5,0,-141,1,0
4,17,6,-74.9,0,-183.9,0,1
4,17,7,-87.5,0,-198,0,0
4,17,8,-37.5,0,-198,0,0
4,17,9,-37.5,0,-141,1,0
4,17,10,-12.5,0,-198,0,0
4,17,11,-12.5,0,-141,1,0
4,17,12,25.1,0,-183.9,0,1
4,17,13,25.1,0,-126.9,1,1
4,17,14,75.1,0,-183.9,0,1
4,17,15,75.1,0,-126.9,1,1
4,17,16,87.5,0,-141,1,0
4,17,17,87.5,0,-198,0,0
4,17,18,62.5,0,-141,1,0
4,17,19,62.5,0,-198,0,0
4,17,20,37.5,0,-141,1,0
4,17,21,37.5,0,-198,0,0
4,17,22,12.5,0,-141,1,0
4,17,23,12.5,0,-198,0,0
4,17,24,-24.9,0,-155.4,1,1
4,17,25,-24.9,0,-212.4,0,1
4,17,26,-74.9,0,-212.4,0,1
4,17,27,-74.9,0,-155.4,1,1
4,17,28,25.1,0,-212.4,0,1
4,17,29,25.1,0,-155.4,1,1
4,17,30,75.1,0,-212.4,0,1
4,17,31,75.1,0,-155.4,1,1
4,18,0,-224.9,0,-126.9,1,1
4,18,1,-262.5,0,-141,1,0
4,18,2,-224.9,0,-183.9,0,1
4,18,3,-262.5,0,-198,0,0
4,18,4,-274.9,0,-126.9,1,1
4,18,5,-287.5,0,-141,1,0
4,18,6,-274.9,0,-183.9,0,1
4,18,7,-287.5,0,-198,0,0
4,18,8,-237.5,0,-198,0,0
4,18,9,-237.5,0,-141,1,0
4,18,10,-212.5,0,-198,0,0
4,18,11,-212.5,0,-141,1,0
4,18,12,-174.9,0,-183.9,0,1
4,18,13,-174.9,0,-126.9,1,1
4,18,14,-124.9,0,-183.9,0,1
4,18,15,-124.9,0,-126.9,1,1
4,18,16,-112.5,0,-141,1,0
4,18,17,-112.5,0,-198,0,0
4,18,18,-137.5,0,-141,1,0
4,18,19,-137.5,0,-198,0,0
4,18,20,-162.5,0,-141,1,0
4,18,21,-162.5,0,-198,0,0
4,18,22,-187.5,0,-141,1,0
4,18,23,-187.5,0,-198,0,0
4,18,24,-224.9,0,-155.4,1,1
4,18,25,-224.9,0,-212.4,0,1
4,18,26,-274.9,0,-212.4,0,1
4,18,27,-274.9,0,-155.4,1,1
4,18,28,-174.9,0,-212.4,0,1
4,18,29,-174.9,0,-155.4,1,1
4,18,30,-124.9,0,-212.4,0,1
4,18,31,-124.9,0,-155.4,1,1
4,19,0,-424.9,0,-126.9,1,1
4,19,1,-462.5,0,-141,1,0
4,19,2,-424.9,0,-183.9,0,1
4,19,3,-462.5,0,-198,0,0
4,19,4,-474.9,0,-126.9,1,1
4,19,5,-487.5,0,-141,1,0
4,19,6,-474.9,0,-183.9,0,1
4,19,7,-487.5,0,-198,0,0
4,19,8,-437.5,0,-198,0,0
4,19,9,-437.5,0,-141,1,0
4,19,10,-412.5,0,-198,0,0
4,19,11,-412.5,0,-141,1,0
4,19,12,-374.9,0,-183.9,0,1
4,19,13,-374.9,0,-126.9,1,1
4,19,14,-324.9,0,-183.9,0,1
4,19,15,-324.9,0,-126.9,1,1
4,19,16,-312.5,0,-141,1,0
4,19,17,-312.5,0,-198,0,0
4,19,18,-337.5,0,-141,1,0
4,19,19,-337.5,0,-198,0,0
4,19,20,-362.5,0,-141,1,0
4,19,21,-362.5,0,-198,0,0
4,19,22,-387.5,0,-141,1,0
4,19,23,-387.5,0,-198,0,0
4,19,24,-424.9,0,-155.4,1,1
4,19,25,-424.9,0,-212.4,0,1
4,19,26,-474.9,0,-212.4,0,1
4,19,27,-474.9,0,-155.4,1,1
4,19,28,-374.9,0,-212.4,0,1
4,19,29,-374.9,0,-155.4,1,1
4,19,30,-324.9,0,-212.4,0,1
4,19,31,-324.9,0,-155.4,1,1
#dif_id,chip_id,chan_id,x,y,z,plane,grid
5,0,0,0,-337.5,-226.5,0,0
5,0,1,0,-374.9,-212.4,0,1
5,0,2,0,-337.5,-169.5,1,0
5,0,3,0,-374.9,-155.4,1,1
5,0,4,0,-312.5,-226.5,0,0
5,0,5,0,-324.9,-212.4,0,1
5,0,6,0,-312.5,-169.5,1,0
5,0,7,0,-324.9,-155.4,1,1
5,0,8,0,-424.9,-155.4,1,1
5,0,9,0,-424.9,-212.4,0,1
5,0,10,0,-474.9,-155.4,1,1
5,0,11,0,-474.9,-212.4,0,1
5,0,12,0,-362.5,-169.5,1,0
5,0,13,0,-362.5,-226.5,0,0
5,0,14,0,-387.5,-169.5,1,0
5,0,15,0,-387.5,-226.5,0,0
5,0,16,0,-487.5,-226.5,0,0
5,0,17,0,-487.5,-169.5,1,0
5,0,18,0,-462.5,-226.5,0,0
5,0,19,0,-462.5,-169.5,1,0
5,0,20,0,-437.5,-226.5,0,0
5,0,21,0,-437.5,-169.5,1,0
5,0,22,0,-412.5,-226.5,0,0
5,0,23,0,-412.5,-169.5,1,0
5,0,24,0,-374.9,-183.9,0,1
5,0,25,0,-374.9,-126.9,1,1
5,0,26,0,-324.9,-126.9,1,1
5,0,27,0,-324.9,-183.9,0,1
5,0,28,0,-424.9,-126.9,1,1
5,0,29,0,-424.9,-183.9,0,1
5,0,30,0,-474.9,-126.9,1,1
5,0,31,0,-474.9,-183.9,0,1
5,1,0,0,-137.5,-226.5,0,0
5,1,1,0,-174.9,-212.4,0,1
5,1,2,0,-137.5,-169.5,1,0
5,1,3,0,-174.9,-155.4,1,1
5,1,4,0,-112.5,-226.5,0,0
5,1,5,0,-124.9,-212.4,0,1
5,1,6,0,-112.5,-169.5,1,0
5,1,7,0,-124.9,-155.4,1,1
5,1,8,0,-224.9,-155.4,1,1
5,1,9,0,-224.9,-212.4,0,1
5,1,10,0,-274.9,-155.4,1,1
5,1,11,0,-274.9,-212.4,0,1
5,1,12,0,-162.5,-169.5,1,0
5,1,13,0,-162.5,-226.5,0,0
5,1,14,0,-187.5,-169.5,1,0
5,1,15,0,-187.5,-226.5,0,0
5,1,16,0,-287.5,-226.5,0,0
5,1,17,0,-287.5,-169.5,1,0
5,1,18,0,-262.5,-226.5,0,0
5,1,19,0,-262.5,-169.5,1,0
5,1,20,0,-237.5,-226.5,0,0
5,1,21,0,-237.5,-169.5,1,0
5,1,22,0,-212.5,-226.5,0,0
5,1,23,0,-212.5,-169.5,1,0
5,1,24,0,-174.9,-183.9,0,1
5,1,25,0,-174.9,-126.9,1,1
5,1,26,0,-124.9,-126.9,1,1
5,1,27,0,-124.9,-183.9,0,1
5,1,28,0,-224.9,-126.9,1,1
5,1,29,0,-224.9,-183.9,0,1
5,1,30,0,-274.9,-126.9,1,1
5,1,31,0,-274.9,-183.9,0,1
5,2,0,0,62.5,-226.5,0,0
5,2,1,0,25.1,-212.4,0,1
5,2,2,0,62.5,-169.5,1,0
5,2,3,0,25.1,-155.4,1,1
5,2,4,0,87.5,-226.5,0,0
5,2,5,0,75.1,-212.4,0,1
5,2,6,0,87.5,-169.5,1,0
5,2,7,0,75.1,-155.4,1,1
5,2,8,0,-24.9,-155.4,1,1
5,2,9,0,-24.9,-212.4,0,1
5,2,10,0,-74.9,-155.4,1,1
5,2,11,0,-74.9,-212.4,0,1
5,2,12,0,37.5,-169.5,1,0
5,2,13,0,37.5,-226.5,0,0
5,2,14,0,12.5,-169.5,1,0
5,2,15,0,12.5,-226.5,0,0
5,2,16,0,-87.5,-226.5,0,0
5,2,17,0,-87.5,-169.5,1,0
5,2,18,0,-62.5,-226.5,0,0
5,2,19,0,-62.5,-169.5,1,0
5,2,20,0,-37.5,-226.5,0,0
5,2,21,0,-37.5,-169.5,1,0
5,2,22,0,-12.5,-226.5,0,0
5,2,23,0,-12.5,-169.5,1,0
5,2,24,0,25.1,-183.9,0,1
5,2,25,0,25.1,-126.9,1,1
5,2,26,0,75.1,-126.9,1,1
5,2,27,0,75.1,-183.9,0,1
5,2,28,0,-24.9,-126.9,1,1
5,2,29,0,-24.9,-183.9,0,1
5,2,30,0,-74.9,-126.9,1,1
5,2,31,0,-74.9,-183.9,0,1
5,3,0,0,262.5,-226.5,0,0
5,3,1,0,225.1,-212.4,0,1
5,3,2,0,262.5,-169.5,1,0
5,3,3,0,225.1,-155.4,1,1
5,3,4,0,287.5,-226.5,0,0
5,3,5,0,275.1,-212.4,0,1
5,3,6,0,287.5,-169.5,1,0
5,3,7,0,275.1,-155.4,1,1
5,3,8,0,175.1,-155.4,1,1
5,3,9,0,175.1,-212.4,0,1
5,3,10,0,125.1,-155.4,1,1
5,3,11,0,125.1,-212.4,0,1
5,3,12,0,237.5,-169.5,1,0
5,3,13,0,237.5,-226.5,0,0
5,3,14,0,212.5,-169.5,1,0
5,3,15,0,212.5,-226.5,0,0
5,3,16,0,112.5,-226.5,0,0
5,3,17,0,112.5,-169.5,1,0
5,3,18,0,137.5,-226.5,0,0
5,3,19,0,137.5,-169.5,1,0
5,3,20,0,162.5,-226.5,0,0
5,3,21,0,162.5,-169.5,1,0
5,3,22,0,187.5,-226.5,0,0
5,3,23,0,187.5,-169.5,1,0
5,3,24,0,225.1,-183.9,0,1
5,3,25,0,225.1,-126.9,1,1
5,3,26,0,275.1,-126.9,1,1
5,3,27,0,275.1,-183.9,0,1
5,3,28,0,175.1,-126.9,1,1
5,3,29,0,175.1,-183.9,0,1
5,3,30,0,125.1,-126.9,1,1
5,3,31,0,125.1,-183.9,0,1
5,4,0,0,462.5,-226.5,0,0
5,4,1,0,425.1,-212.4,0,1
5,4,2,0,462.5,-169.5,1,0
5,4,3,0,425.1,-155.4,1,1
5,4,4,0,487.5,-226.5,0,0
5,4,5,0,475.1,-212.4,0,1
5,4,6,0,487.5,-169.5,1,0
5,4,7,0,475.1,-155.4,1,1
5,4,8,0,375.1,-155.4,1,1
5,4,9,0,375.1,-212.4,0,1
5,4,10,0,325.1,-155.4,1,1
5,4,11,0,325.1,-212.4,0,1
5,4,12,0,437.5,-169.5,1,0
5,4,13,0,437.5,-226.5,0,0
5,4,14,0,412.5,-169.5,1,0
5,4,15,0,412.5,-226.5,0,0
5,4,16,0,312.5,-226.5,0,0
5,4,17,0,312.5,-169.5,1,0
5,4,18,0,337.5,-226.5,0,0
5,4,19,0,337.5,-169.5,1,0
5,4,20,0,362.5,-226.5,0,0
5,4,21,0,362.5,-169.5,1,0
5,4,22,0,387.5,-226.5,0,0
5,4,23,0,387.5,-169.5,1,0
5,4,24,0,425.1,-183.9,0,1
5,4,25,0,425.1,-126.9,1,1
5,4,26,0,475.1,-126.9,1,1
5,4,27,0,475.1,-183.9,0,1
5,4,28,0,375.1,-126.9,1,1
5,4,29,0,375.1,-183.9,0,1
5,4,30,0,325.1,-126.9,1,1
5,4,31,0,325.1,-183.9,0,1
5,5,0,0,-337.5,-112.5,2,0
5,5,1,0,-374.9,-98.4,2,1
5,5,2,0,-337.5,-55.5,3,0
5,5,3,0,-374.9,-41.4,3,1
5,5,4,0,-312.5,-112.5,2,0
5,5,5,0,-324.9,-98.4,2,1
5,5,6,0,-312.5,-55.5,3,0
5,5,7,0,-324.9,-41.4,3,1
5,5,8,0,-424.9,-41.4,3,1
5,5,9,0,-424.9,-98.4,2,1
5,5,10,0,-474.9,-41.4,3,1
5,5,11,0,-474.9,-98.4,2,1
5,5,12,0,-362.5,-55.5,3,0
5,5,13,0,-362.5,-112.5,2,0
5,5,14,0,-387.5,-55.5,3,0
5,5,15,0,-387.5,-112.5,2,0
5,5,16,0,-487.5,-112.5,2,0
5,5,17,0,-487.5,-55.5,3,0
5,5,18,0,-462.5,-112.5,2,0
5,5,19,0,-462.5,-55.5,3,0
5,5,20,0,-437.5,-112.5,2,0
5,5,21,0,-437.5,-55.5,3,0
5,5,22,0,-412.5,-112.5,2,0
5,5,23,0,-412.5,-55.5,3,0
5,5,24,0,-374.9,-69.9,2,1
5,5,25,0,-374.9,-12.9,3,1
5,5,26,0,-324.9,-12.9,3,1
5,5,27,0,-324.9,-69.9,2,1
5,5,28,0,-424.9,-12.9,3,1
5,5,29,0,-424.9,-69.9,2,1
5,5,30,0,-474.9,-12.9,3,1
5,5,31,0,-474.9,-69.9,2,1
5,6,0,0,-137.5,-112.5,2,0
5,6,1,0,-174.9,-98.4,2,1
5,6,2,0,-137.5,-55.5,3,0
5,6,3,0,-174.9,-41.4,3,1
5,6,4,0,-112.5,-112.5,2,0
5,6,5,0,-124.9,-98.4,2,1
5,6,6,0,-112.5,-55.5,3,0
5,6,7,0,-124.9,-41.4,3,1
5,6,8,0,-224.9,-41.4,3,1
5,6,9,0,-224.9,-98.4,2,1
5,6,10,0,-274.9,-41.4,3,1
5,6,11,0,-274.9,-98.4,2,1
5,6,12,0,-162.5,-55.5,3,0
5,6,13,0,-162.5,-112.5,2,0
5,6,14,0,-187.5,-55.5,3,0
5,6,15,0,-187.5,-112.5,2,0
5,6,16,0,-287.5,-112.5,2,0
5,6,17,0,-287.5,-55.5,3,0
5,6,18,0,-262.5,-112.5,2,0
5,6,19,0,-262.5,-55.5,3,0
5,6,20,0,-237.5,-112.5,2,0
5,6,21,0,-237.5,-55.5,3,0
5,6,22,0,-212.5,-112.5,2,0
5,6,23,0,-212.5,-55.5,3,0
5,6,24,0,-174.9,-69.9,2,1
5,6,25,0,-174.9,-12.9,3,1
5,6,26,0,-124.9,-12.9,3,1
5,6,27,0,-124.9,-69.9,2,1
5,6,28,0,-224.9,-12.9,3,1
5,6,29,0,-224.9,-69.9,2,1
5,6,30,0,-274.9,-12.9,3,1
5,6,31,0,-274.9,-69.9,2,1
5,7,0,0,62.5,-112.5,2,0
5,7,1,0,25.1,-98.4,2,1
5,7,2,0,62.5,-55.5,3,0
5,7,3,0,25.1,-41.4,3,1
5,7,4,0,87.5,-112.5,2,0
5,7,5,0,75.1,-98.4,2,1
5,7,6,0,87.5,-55.5,3,0
5,7,7,0,75.1,-41.4,3,1
5,7,8,0,-24.9,-41.4,3,1
5,7,9,0,-24.9,-98.4,2,1
5,7,10,0,-74.9,-41.4,3,1
5,7,11,0,-74.9,-98.4,2,1
5,7,12,0,37.5,-55.5,3,0
5,7,13,0,37.5,-112.5,2,0
5,7,14,0,12.5,-55.5,3,0
5,7,15,0,12.5,-112.5,2,0
5,7,16,0,-87.5,-112.5,2,0
5,7,17,0,-87.5,-55.5,3,0
5,7,18,0,-62.5,-112.5,2,0
5,7,19,0,-62.5,-55.5,3,0
5,7,20,0,-37.5,-112.5,2,0
5,7,21,0,-37.5,-55.5,3,0
5,7,22,0,-12.5,-112.5,2,0
5,7,23,0,-12.5,-55.5,3,0
5,7,24,0,25.1,-69.9,2,1
5,7,25,0,25.1,-12.9,3,1
5,7,26,0,75.1,-12.9,3,1
5,7,27,0,75.1,-69.9,2,1
5,7,28,0,-24.9,-12.9,3,1
5,7,29,0,-24.9,-69.9,2,1
5,7,30,0,-74.9,-12.9,3,1
5,7,31,0,-74.9,-69.9,2,1
5,8,0,0,262.5,-112.5,2,0
5,8,1,0,225.1,-98.4,2,1
5,8,2,0,262.5,-55.5,3,0
5,8,3,0,225.1,-41.4,3,1
5,8,4,0,287.5,-112.5,2,0
5,8,5,0,275.1,-98.4,2,1
5,8,6,0,287.5,-55.5,3,0
5,8,7,0,275.1,-41.4,3,1
5,8,8,0,175.1,-41.4,3,1
5,8,9,0,175.1,-98.4,2,1
5,8,10,0,125.1,-41.4,3,1
5,8,11,0,125.1,-98.4,2,1
5,8,12,0,237.5,-55.5,3,0
5,8,13,0,237.5,-112.5,2,0
5,8,14,0,212.5,-55.5,3,0
5,8,15,0,212.5,-112.5,2,0
5,8,16,0,112.5,-112.5,2,0
5,8,17,0,112.5,-55.5,3,0
5,8,18,0,137.5,-112.5,2,0
5,8,19,0,137.5,-55.5,3,0
5,8,20,0,162.5,-112.5,2,0
5,8,21,0,162.5,-55.5,3,0
5,8,22,0,187.5,-112.5,2,0
5,8,23,0,187.5,-55.5,3,0
5,8,24,0,225.1,-69.9,2,1
5,8,25,0,225.1,-12.9,3,1
5,8,26,0,275.1,-12.9,3,1
5,8,27,0,275.1,-69.9,2,1
5,8,28,0,175.1,-12.9,3,1
5,8,29,0,175.1,-69.9,2,1
5,8,30,0,125.1,-12.9,3,1
5,8,31,0,125.1,-69.9,2,1
5,9,0,0,462.5,-112.5,2,0
5,9,1,0,425.1,-98.4,2,1
5,9,2,0,462.5,-55.5,3,0
5,9,3,0,425.1,-41.4,3,1
5,9,4,0,487.5,-112.5,2,0
5,9,5,0,475.1,-98.4,2,1
5,9,6,0,487.5,-55.5,3,0
5,9,7,0,475.1,-41.4,3,1
5,9,8,0,375.1,-41.4,3,1
5,9,9,0,375.1,-98.4,2,1
5,9,10,0,325.1,-41.4,3,1
5,9,11,0,325.1,-98.4,2,1
5,9,12,0,437.5,-55.5,3,0
5,9,13,0,437.5,-112.5,2,0
5,9,14,0,412.5,-55.5,3,0
5,9,15,0,412.5,-112.5,2,0
5,9,16,0,312.5,-112.5,2,0
5,9,17,0,312.5,-55.5,3,0
5,9,18,0,337.5,-112.5,2,0
5,9,19,0,337.5,-55.5,3,0
5,9,20,0,362.5,-112.5,2,0
5,9,21,0,362.5,-55.5,3,0
5,9,22,0,387.5,-112.5,2,0
5,9,23,0,387.5,-55.5,3,0
5,9,24,0,425.1,-69.9,2,1
5,9,25,0,425.1,-12.9,3,1
5,9,26,0,475.1,-12.9,3,1
5,9,27,0,475.1,-69.9,2,1
5,9,28,0,375.1,-12.9,3,1
5,9,29,0,375.1,-69.9,2,1
5,9,30,0,325.1,-12.9,3,1
5,9,31,0,325.1,-69.9,2,1
5,10,0,0,-337.5,1.5,4,0
5,10,1,0,-374.9,15.6,4,1
5,10,2,0,-337.5,58.5,5,0
5,10,3,0,-374.9,72.6,5,1
5,10,4,0,-312.5,1.5,4,0
5,10,5,0,-324.9,15.6,4,1
5,10,6,0,-312.5,58.5,5,0
5,10,7,0,-324.9,72.6,5,1
5,10,8,0,-424.9,72.6,5,1
5,10,9,0,-424.9,15.6,4,1
5,10,10,0,-474.9,72.6,5,1
5,10,11,0,-474.9,15.6,4,1
5,10,12,0,-362.5,58.5,5,0
5,10,13,0,-362.5,1.5,4,0
5,10,14,0,-387.5,58.5,5,0
5,10,15,0,-387.5,1.5,4,0
5,10,16,0,-487.5,1.5,4,0
5,10,17,0,-487.5,58.5,5,0
5,10,18,0,-462.5,1.5,4,0
5,10,19,0,-462.5,58.5,5,0
5,10,20,0,-437.5,1.5,4,0
5,10,21,0,-437.5,58.5,5,0
5,10,22,0,-412.5,1.5,4,0
5,10,23,0,-412.5,58.5,5,0
5,10,24,0,-374.9,44.1,4,1
5,10,25,0,-374.9,101.1,5,1
5,10,26,0,-324.9,101.1,5,1
5,10,27,0,-324.9,44.1,4,1
5,10,28,0,-424.9,101.1,5,1
5,10,29,0,-424.9,44.1,4,1
5,10,30,0,-474.9,101.1,5,1
5,10,31,0,-474.9,44.1,4,1
5,11,0,0,-137.5,1.5,4,0
5,11,1,0,-174.9,15.6,4,1
5,11,2,0,-137.5,58.5,5,0
5,11,3,0,-174.9,72.6,5,1
5,11,4,0,-112.5,1.5,4,0
5,11,5,0,-124.9,15.6,4,1
5,11,6,0,-112.5,58.5,5,0
5,11,7,0,-124.9,72.6,5,1
5,11,8,0,-224.9,72.6,5,1
5,11,9,0,-224.9,15.6,4,1
5,11,10,0,-274.9,72.6,5,1
5,11,11,0,-274.9,15.6,4,1
5,11,12,0,-162.5,58.5,5,0
5,11,13,0,-162.5,1.5,4,0
5,11,14,0,-187.5,58.5,5,0
5,11,15,0,-187.5,1.5,4,0
5,11,16,0,-287.5,1.5,4,0
5,11,17,0,-287.5,58.5,5,0
5,11,18,0,-262.5,1.5,4,0
5,11,19,0,-262.5,58.5,5,0
5,11,20,0,-237.5,1.5,4,0
5,11,21,0,-237.5,58.5,5,0
5,11,22,0,-212.5,1.5,4,0
5,11,23,0,-212.5,58.5,5,0
5,11,24,0,-174.9,44.1,4,1
5,11,25,0,-174.9,101.1,5,1
5,11,26,0,-124.9,101.1,5,1
5,11,27,0,-124.9,44.1,4,1
5,11,28,0,-224.9,101.1,5,1
5,11,29,0,-224.9,44.1,4,1
5,11,30,0,-274.9,101.1,5,1
5,11,31,0,-274.9,44.1,4,1
5,12,0,0,62.5,1.5,4,0
5,12,1,0,25.1,15.6,4,1
5,12,2,0,62.5,58.5,5,0
5,12,3,0,25.1,72.6,5,1
5,12,4,0,87.5,1.5,4,0
5,12,5,0,75.1,15.6,4,1
5,12,6,0,87.5,58.5,5,0
5,12,7,0,75.1,72.6,5,1
5,12,8,0,-24.9,72.6,5,1
5,12,9,0,-24.9,15.6,4,1
5,12,10,0,-74.9,72.6,5,1
5,12,11,0,-74.9,15.6,4,1
5,12,12,0,37.5,58.5,5,0
5,12,13,0,37.5,1.5,4,0
5,12,14,0,12.5,58.5,5,0
5,12,15,0,12.5,1.5,4,0
5,12,16,0,-87.5,1.5,4,0
5,12,17,0,-87.5,58.5,5,0
5,12,18,0,-62.5,1.5,4,0
5,12,19,0,-62.5,58.5,5,0
5,12,20,0,-37.5,1.5,4,0
5,12,21,0,-37.5,58.5,5,0
5,12,22,0,-12.5,1.5,4,0
5,12,23,0,-12.5,58.5,5,0
5,12,24,0,25.1,44.1,4,1
5,12,25,0,25.1,101.1,5,1
5,12,26,0,75.1,101.1,5,1
5,12,27,0,75.1,44.1,4,1
5,12,28,0,-24.9,101.1,5,1
5,12,29,0,-24.9,44.1,4,1
5,12,30,0,-74.9,101.1,5,1
5,12,31,0,-74.9,44.1,4,1
5,13,0,0,262.5,1.5,4,0
5,13,1,0,225.1,15.6,4,1
5,13,2,0,262.5,58.5,5,0
5,13,3,0,225.1,72.6,5,1
5,13,4,0,287.5,1.5,4,0
5,13,5,0,275.1,15.6,4,1
5,13,6,0,287.5,58.5,5,0
5,13,7,0,275.1,72.6,5,1
5,13,8,0,175.1,72.6,5,1
5,13,9,0,175.1,15.6,4,1
5,13,10,0,125.1,72.6,5,1
5,13,11,0,125.1,15.6,4,1
5,13,12,0,237.5,58.5,5,0
5,13,13,0,237.5,1.5,4,0
5,13,14,0,212.5,58.5,5,0
5,13,15,0,212.5,1.5,4,0
5,13,16,0,112.5,1.5,4,0
5,13,17,0,112.5,58.5,5,0
5,13,18,0,137.5,1.5,4,0
5,13,19,0,137.5,58.5,5,0
5,13,20,0,162.5,1.5,4,0
5,13,21,0,162.5,58.5,5,0
5,13,22,0,187.5,1.5,4,0
5,13,23,0,187.5,58.5,5,0
5,13,24,0,225.1,44.1,4,1
5,13,25,0,225.1,101.1,5,1
5,13,26,0,275.1,101.1,5,1
5,13,27,0,275.1,44.1,4,1
5,13,28,0,175.1,101.1,5,1
5,13,29,0,175.1,44.1,4,1
5,13,30,0,125.1,101.1,5,1
5,13,31,0,125.1,44.1,4,1
5,14,0,0,462.5,1.5,4,0
5,14,1,0,425.1,15.6,4,1
5,14,2,0,462.5,58.5,5,0
5,14,3,0,425.1,72.6,5,1
5,14,4,0,487.5,1.5,4,0
5,14,5,0,475.1,15.6,4,1
5,14,6,0,487.5,58.5,5,0
5,14,7,0,475.1,72.6,5,1
5,14,8,0,375.1,72.6,5,1
5,14,9,0,375.1,15.6,4,1
5,14,10,0,325.1,72.6,5,1
5,14,11,0,325.1,15.6,4,1
5,14,12,0,437.5,58.5,5,0
5,14,13,0,437.5,1.5,4,0
5,14,14,0,412.5,58.5,5,0
5,14,15,0,412.5,1.5,4,0
5,14,16,0,312.5,1.5,4,0
5,14,17,0,312.5,58.5,5,0
5,14,18,0,337.5,1.5,4,0
5,14,19,0,337.5,58.5,5,0
5,14,20,0,362.5,1.5,4,0
5,14,21,0,362.5,58.5,5,0
5,14,22,0,387.5,1.5,4,0
5,14,23,0,387.5,58.5,5,0
5,14,24,0,425.1,44.1,4,1
5,14,25,0,425.1,101.1,5,1
5,14,26,0,475.1,101.1,5,1
5,14,27,0,475.1,44.1,4,1
5,14,28,0,375.1,101.1,5,1
5,14,29,0,375.1,44.1,4,1
5,14,30,0,325.1,101.1,5,1
5,14,31,0,325.1,44.1,4,1
5,15,0,0,-337.5,115.5,6,0
5,15,1,0,-374.9,129.6,6,1
5,15,2,0,-337.5,172.5,7,0
5,15,3,0,-374.9,186.6,7,1
5,15,4,0,-312.5,115.5,6,0
5,15,5,0,-324.9,129.6,6,1
5,15,6,0,-312.5,172.5,7,0
5,15,7,0,-324.9,186.6,7,1
5,15,8,0,-424.9,186.6,7,1
5,15,9,0,-424.9,129.6,6,1
5,15,10,0,-474.9,186.6,7,1
5,15,11,0,-474.9,129.6,6,1
5,15,12,0,-362.5,172.5,7,0
5,15,13,0,-362.5,115.5,6,0
5,15,14,0,-387.5,172.5,7,0
5,15,15,0,-387.5,115.5,6,0
5,15,16,0,-487.5,115.5,6,0
5,15,17,0,-487.5,172.5,7,0
5,15,18,0,-462.5,115.5,6,0
5,15,19,0,-462.5,172.5,7,0
5,15,20,0,-437.5,115.5,6,0
5,15,21,0,-437.5,172.5,7,0
5,15,22,0,-412.5,115.5,6,0
5,15,23,0,-412.5,172.5,7,0
5,15,24,0,-374.9,158.1,6,1
5,15,25,0,-374.9,215.1,7,1
5,15,26,0,-324.9,215.1,7,1
5,15,27,0,-324.9,158.1,6,1
5,15,28,0,-424.9,215.1,7,1
5,15,29,0,-424.9,158.1,6,1
5,15,30,0,-474.9,215.1,7,1
5,15,31,0,-474.9,158.1,6,1
5,16,0,0,-137.5,115.5,6,0
5,16,1,0,-174.9,129.6,6,1
5,16,2,0,-137.5,172.5,7,0
5,16,3,0,-174.9,186.6,7,1
5,16,4,0,-112.5,115.5,6,0
5,16,5,0,-124.9,129.6,6,1
5,16,6,0,-112.5,172.5,7,0
5,16,7,0,-124.9,186.6,7,1
5,16,8,0,-224.9,186.6,7,1
5,16,9,0,-224.9,129.6,6,1
5,16,10,0,-274.9,186.6,7,1
5,16,11,0,-274.9,129.6,6,1
5,16,12,0,-162.5,172.5,7,0
5,16,13,0,-162.5,115.5,6,0
5,16,14,0,-187.5,172.5,7,0
5,16,15,0,-187.5,115.5,6,0
5,16,16,0,-287.5,115.5,6,0
5,16,17,0,-287.5,172.5,7,0
5,16,18,0,-262.5,115.5,6,0
5,16,19,0,-262.5,172.5,7,0
5,16,20,0,-237.5,115.5,6,0
5,16,21,0,-237.5,172.5,7,0
5,16,22,0,-212.5,115.5,6,0
5,16,23,0,-212.5,172.5,7,0
5,16,24,0,-174.9,158.1,6,1
5,16,25,0,-174.9,215.1,7,1
5,16,26,0,-124.9,215.1,7,1
5,16,27,0,-124.9,158.1,6,1
5,16,28,0,-224.9,215.1,7,1
5,16,29,0,-224.9,158.1,6,1
5,16,30,0,-274.9,215.1,7,1
5,16,31,0,-274.9,158.1,6,1
5,17,0,0,62.5,115.5,6,0
5,17,1,0,25.1,129.6,6,1
5,17,2,0,62.5,172.5,7,0
5,17,3,0,25.1,186.6,7,1
5,17,4,0,87.5,115.5,6,0
5,17,5,0,75.1,129.6,6,1
5,17,6,0,87.5,172.5,7,0
5,17,7,0,75.1,186.6,7,1
5,17,8,0,-24.9,186.6,7,1
5,17,9,0,-24.9,129.6,6,1
5,17,10,0,-74.9,186.6,7,1
5,17,11,0,-74.9,129.6,6,1
5,17,12,0,37.5,172.5,7,0
5,17,13,0,37.5,115.5,6,0
5,17,14,0,12.5,172.5,7,0
5,17,15,0,12.5,115.5,6,0
5,17,16,0,-87.5,115.5,6,0
5,17,17,0,-87.5,172.5,7,0
5,17,18,0,-62.5,115.5,6,0
5,17,19,0,-62.5,172.5,7,0
5,17,20,0,-37.5,115.5,6,0
5,17,21,0,-37.5,172.5,7,0
5,17,22,0,-12.5,115.5,6,0
5,17,23,0,-12.5,172.5,7,0
5,17,24,0,25.1,158.1,6,1
5,17,25,0,25.1,215.1,7,1
5,17,26,0,75.1,215.1,7,1
5,17,27,0,75.1,158.1,6,1
5,17,28,0,-24.9,215.1,7,1
5,17,29,0,-24.9,158.1,6,1
5,17,30,0,-74.9,215.1,7,1
5,17,31,0,-74.9,158.1,6,1
5,18,0,0,262.5,115.5,6,0
5,18,1,0,225.1,129.6,6,1
5,18,2,0,262.5,172.5,7,0
5,18,3,0,225.1,186.6,7,1
5,18,4,0,287.5,115.5,6,0
5,18,5,0,275.1,129.6,6,1
5,18,6,0,287.5,172.5,7,0
5,18,7,0,275.1,186.6,7,1
5,18,8,0,175.1,186.6,7,1
5,18,9,0,175.1,129.6,6,1
5,18,10,0,125.1,186.6,7,1
5,18,11,0,125.1,129.6,6,1
5,18,12,0,237.5,172.5,7,0
5,18,13,0,237.5,115.5,6,0
5,18,14,0,212.5,172.5,7,0
5,18,15,0,212.5,115.5,6,0
5,18,16,0,112.5,115.5,6,0
5,18,17,0,112.5,172.5,7,0
5,18,18,0,137.5,115.5,6,0
5,18,19,0,137.5,172.5,7,0
5,18,20,0,162.5,115.5,6,0
5,18,21,0,162.5,172.5,7,0
5,18,22,0,187.5,115.5,6,0
5,18,23,0,187.5,172.5,7,0
5,18,24,0,225.1,158.1,6,1
5,18,25,0,225.1,215.1,7,1
5,18,26,0,275.1,215.1,7,1
5,18,27,0,275.1,158.1,6,1
5,18,28,0,175.1,215.1,7,1
5,18,29,0,175.1,158.1,6,1
5,18,30,0,125.1,215.1,7,1
5,18,31,0,125.1,158.1,6,1
5,19,0,0,462.5,115.5,6,0
5,19,1,0,425.1,129.6,6,1
5,19,2,0,462.5,172.5,7,0
5,19,3,0,425.1,186.6,7,1
5,19,4,0,487.5,115.5,6,0
5,19,5,0,475.1,129.6,6,1
5,19,6,0,487.5,172.5,7,0
5,19,7,0,475.1,186.6,7,1
5,19,8,0,375.1,186.6,7,1
5,19,9,0,375.1,129.6,6,1
5,19,10,0,325.1,186.6,7,1
5,19,11,0,325.1,129.6,6,1
5,19,12,0,437.5,172.5,7,0
5,19,13,0,437.5,115.5,6,0
5,19,14,0,412.5,172.5,7,0
5,19,15,0,412.5,115.5,6,0
5,19,16,0,312.5,115.5,6,0
5,19,17,0,312.5,172.5,7,0
5,19,18,0,337.5,115.5,6,0
5,19,19,0,337.5,172.5,7,0
5,19,20,0,362.5,115.5,6,0
5,19,21,0,362.5,172.5,7,0
5,19,22,0,387.5,115.5,6,0
5,19,23,0,387.5,172.5,7,0
5,19,24,0,425.1,158.1,6,1
5,19,25,0,425.1,215.1,7,1
5,19,26,0,475.1,215.1,7,1
5,19,27,0,475.1,158.1,6,1
5,19,28,0,375.1,215.1,7,1
5,19,29,0,375.1,158.1,6,1
5,19,30,0,325.1,215.1,7,1
5,19,31,0,325.1,158.1,6,1